{
  "version": 1,
  "author": "Anonymous maker",
  "editor": "wokwi",
  "parts": [
    { "type": "wokwi-arduino-nano", "id": "nano", "top": -14.4, "left": -67.7, "attrs": {} },
    {
      "type": "wokwi-led",
      "id": "led1",
      "top": -128.4,
      "left": -53.8,
      "attrs": { "color": "red" }
    },
    { "type": "wokwi-led", "id": "led2", "top": -128.4, "left": -25, "attrs": { "color": "red" } },
    { "type": "wokwi-led", "id": "led3", "top": -128.4, "left": 3.8, "attrs": { "color": "red" } },
    {
      "type": "wokwi-led",
      "id": "led4",
      "top": -128.4,
      "left": 32.6,
      "attrs": { "color": "red" }
    },
    {
      "type": "wokwi-led",
      "id": "led5",
      "top": -128.4,
      "left": 61.4,
      "attrs": { "color": "red" }
    },
    {
      "type": "wokwi-led",
      "id": "led6",
      "top": -176.4,
      "left": -53.8,
      "attrs": { "color": "green" }
    },
    {
      "type": "wokwi-led",
      "id": "led7",
      "top": -176.4,
      "left": -25,
      "attrs": { "color": "green" }
    },
    {
      "type": "wokwi-led",
      "id": "led8",
      "top": -176.4,
      "left": 3.8,
      "attrs": { "color": "green" }
    },
    {
      "type": "wokwi-led",
      "id": "led9",
      "top": -176.4,
      "left": 32.6,
      "attrs": { "color": "green" }
    },
    {
      "type": "wokwi-led",
      "id": "led10",
      "top": -176.4,
      "left": 61.4,
      "attrs": { "color": "green" }
    },
    { "type": "wokwi-vcc", "id": "vcc1", "top": -440.84, "left": -393.6, "attrs": {} },
    { "type": "wokwi-gnd", "id": "gnd1", "top": 220.8, "left": -202.2, "attrs": {} },
    {
      "type": "wokwi-slide-potentiometer",
      "id": "pot1",
      "top": -273.4,
      "left": 200.6,
      "attrs": { "travelLength": "30" }
    },
    {
      "type": "wokwi-slide-potentiometer",
      "id": "pot2",
      "top": -388.6,
      "left": -337,
      "attrs": { "travelLength": "30" }
    },
    {
      "type": "wokwi-slide-potentiometer",
      "id": "pot3",
      "top": -311.8,
      "left": -337,
      "attrs": { "travelLength": "30" }
    },
    {
      "type": "wokwi-slide-potentiometer",
      "id": "pot4",
      "top": -235,
      "left": -337,
      "attrs": { "travelLength": "30" }
    },
    {
      "type": "wokwi-slide-potentiometer",
      "id": "pot5",
      "top": -158.2,
      "left": -337,
      "attrs": { "travelLength": "30" }
    },
    {
      "type": "wokwi-slide-potentiometer",
      "id": "pot6",
      "top": -81.4,
      "left": -337,
      "attrs": { "travelLength": "30" }
    }
  ],
  "connections": [
    [ "led1:A", "nano:12", "green", [ "v0" ] ],
    [ "led2:A", "nano:10", "green", [ "v0" ] ],
    [ "led3:A", "nano:7", "green", [ "v0" ] ],
    [ "led5:A", "nano:3", "green", [ "v0" ] ],
    [ "led4:A", "nano:5", "green", [ "v0" ] ],
    [ "led1:C", "nano:GND.2", "black", [ "v0" ] ],
    [ "led2:C", "nano:GND.2", "black", [ "v0" ] ],
    [ "led3:C", "nano:GND.2", "black", [ "v0" ] ],
    [ "led4:C", "nano:GND.2", "black", [ "v0" ] ],
    [ "led5:C", "nano:GND.2", "black", [ "v0" ] ],
    [ "led6:C", "led1:C", "black", [ "v0" ] ],
    [ "led7:C", "led2:C", "black", [ "v0" ] ],
    [ "led8:C", "led3:C", "black", [ "v0" ] ],
    [ "led9:C", "led4:C", "black", [ "v0" ] ],
    [ "led10:C", "led5:C", "black", [ "v0" ] ],
    [ "led10:A", "nano:4", "green", [ "v0" ] ],
    [ "led9:A", "nano:6", "green", [ "v0" ] ],
    [ "led8:A", "nano:8", "green", [ "v0" ] ],
    [ "led7:A", "nano:9", "green", [ "v0" ] ],
    [ "led6:A", "nano:11", "green", [ "v0" ] ],
    [ "pot1:GND", "gnd1:GND", "black", [ "v0" ] ],
    [ "pot1:SIG", "nano:A5", "green", [ "v124", "h480" ] ],
    [ "vcc1:VCC", "pot1:VCC", "red", [ "v0" ] ],
    [ "pot2:SIG", "nano:A4", "green", [ "h0" ] ],
    [ "pot3:SIG", "nano:A3", "green", [ "h0" ] ],
    [ "pot4:SIG", "nano:A2", "green", [ "h0" ] ],
    [ "pot5:SIG", "nano:A1", "green", [ "h0" ] ],
    [ "pot6:SIG", "nano:A0", "green", [ "h0" ] ],
    [ "pot2:GND", "pot3:GND", "black", [ "v0" ] ],
    [ "pot6:GND", "gnd1:GND", "black", [ "v0" ] ],
    [ "pot4:GND", "pot5:GND", "black", [ "v0" ] ],
    [ "pot5:GND", "pot6:GND", "black", [ "v0" ] ],
    [ "pot3:GND", "pot4:GND", "black", [ "v0" ] ],
    [ "pot6:VCC", "pot5:VCC", "red", [ "h0" ] ],
    [ "pot4:VCC", "pot3:VCC", "red", [ "h0" ] ],
    [ "pot3:VCC", "pot2:VCC", "red", [ "h0" ] ],
    [ "pot5:VCC", "pot4:VCC", "red", [ "h0" ] ],
    [ "pot2:VCC", "vcc1:VCC", "red", [ "h0" ] ]
  ],
  "dependencies": {}
}